0,-12,j4ROu2wvvQs2jx73adnisPuvSMg=,V9UQWjFi3G4vUCPZsHp2/dHTZ2g=
1,-12,j4ROu2wvvQs2jx73adnisPuvSMg=,V9UQWjFi3G4vUCPZsHp2/dHTZ2g=
2,-12,j4ROu2wvvQs2jx73adnisPuvSMg=,V9UQWjFi3G4vUCPZsHp2/dHTZ2g=
3,-12,j4ROu2wvvQs2jx73adnisPuvSMg=,V9UQWjFi3G4vUCPZsHp2/dHTZ2g=
4,-12,j4ROu2wvvQs2jx73adnisPuvSMg=,V9UQWjFi3G4vUCPZsHp2/dHTZ2g=
5,-12,j4ROu2wvvQs2jx73adnisPuvSMg=,V9UQWjFi3G4vUCPZsHp2/dHTZ2g=
6,-12,j4ROu2wvvQs2jx73adnisPuvSMg=,V9UQWjFi3G4vUCPZsHp2/dHTZ2g=
7,-12,j4ROu2wvvQs2jx73adnisPuvSMg=,V9UQWjFi3G4vUCPZsHp2/dHTZ2g=
8,-12,j4ROu2wvvQs2jx73adnisPuvSMg=,V9UQWjFi3G4vUCPZsHp2/dHTZ2g=
9,-12,j4ROu2wvvQs2jx73adnisPuvSMg=,RZuJWQq6mWiOKKrg4dEEbu81hOg=
0,-11,j4ROu2wvvQs2jx73adnisPuvSMg=,Xf9Rw9eRsdKH6CB+6u4UWKazFzA=
1,-11,j4ROu2wvvQs2jx73adnisPuvSMg=,Xf9Rw9eRsdKH6CB+6u4UWKazFzA=
2,-11,j4ROu2wvvQs2jx73adnisPuvSMg=,Xf9Rw9eRsdKH6CB+6u4UWKazFzA=
3,-11,j4ROu2wvvQs2jx73adnisPuvSMg=,Xf9Rw9eRsdKH6CB+6u4UWKazFzA=
4,-11,j4ROu2wvvQs2jx73adnisPuvSMg=,Xf9Rw9eRsdKH6CB+6u4UWKazFzA=
5,-11,j4ROu2wvvQs2jx73adnisPuvSMg=,Xf9Rw9eRsdKH6CB+6u4UWKazFzA=
6,-11,j4ROu2wvvQs2jx73adnisPuvSMg=,Xf9Rw9eRsdKH6CB+6u4UWKazFzA=
7,-11,j4ROu2wvvQs2jx73adnisPuvSMg=,Xf9Rw9eRsdKH6CB+6u4UWKazFzA=
8,-11,j4ROu2wvvQs2jx73adnisPuvSMg=,Xf9Rw9eRsdKH6CB+6u4UWKazFzA=
9,-11,j4ROu2wvvQs2jx73adnisPuvSMg=,k+reB5D2ZsqrK6GwE7LYQ0LRbJU=
0,-10,j4ROu2wvvQs2jx73adnisPuvSMg=,Xf9Rw9eRsdKH6CB+6u4UWKazFzA=
1,-10,j4ROu2wvvQs2jx73adnisPuvSMg=,Xf9Rw9eRsdKH6CB+6u4UWKazFzA=
2,-10,j4ROu2wvvQs2jx73adnisPuvSMg=,Xf9Rw9eRsdKH6CB+6u4UWKazFzA=
3,-10,j4ROu2wvvQs2jx73adnisPuvSMg=,8MLc/3R30WalM4QTUnoIkCDrvdM=
4,-10,j4ROu2wvvQs2jx73adnisPuvSMg=,8MLc/3R30WalM4QTUnoIkCDrvdM=
5,-10,j4ROu2wvvQs2jx73adnisPuvSMg=,8MLc/3R30WalM4QTUnoIkCDrvdM=
6,-10,j4ROu2wvvQs2jx73adnisPuvSMg=,8MLc/3R30WalM4QTUnoIkCDrvdM=
7,-10,j4ROu2wvvQs2jx73adnisPuvSMg=,8MLc/3R30WalM4QTUnoIkCDrvdM=
8,-10,j4ROu2wvvQs2jx73adnisPuvSMg=,8MLc/3R30WalM4QTUnoIkCDrvdM=
9,-10,j4ROu2wvvQs2jx73adnisPuvSMg=,ympj3zaqRUa+dYtG1BJS9piNCMk=
0,-9,j4ROu2wvvQs2jx73adnisPuvSMg=,0zCuUhkJiI88Z7ft2HpAlNq4BKE=
1,-9,j4ROu2wvvQs2jx73adnisPuvSMg=,0zCuUhkJiI88Z7ft2HpAlNq4BKE=
2,-9,j4ROu2wvvQs2jx73adnisPuvSMg=,0zCuUhkJiI88Z7ft2HpAlNq4BKE=
3,-9,j4ROu2wvvQs2jx73adnisPuvSMg=,0zCuUhkJiI88Z7ft2HpAlNq4BKE=
4,-9,j4ROu2wvvQs2jx73adnisPuvSMg=,0zCuUhkJiI88Z7ft2HpAlNq4BKE=
5,-9,j4ROu2wvvQs2jx73adnisPuvSMg=,0zCuUhkJiI88Z7ft2HpAlNq4BKE=
6,-9,j4ROu2wvvQs2jx73adnisPuvSMg=,0zCuUhkJiI88Z7ft2HpAlNq4BKE=
7,-9,j4ROu2wvvQs2jx73adnisPuvSMg=,0zCuUhkJiI88Z7ft2HpAlNq4BKE=
8,-9,j4ROu2wvvQs2jx73adnisPuvSMg=,0zCuUhkJiI88Z7ft2HpAlNq4BKE=
9,-9,j4ROu2wvvQs2jx73adnisPuvSMg=,PNs5eoEgTCQWt4hYJGaO38Q9Y6c=
0,-8,j4ROu2wvvQs2jx73adnisPuvSMg=,XN1Q5ntPQ4++9xNr7IDmQh7ogdw=
1,-8,j4ROu2wvvQs2jx73adnisPuvSMg=,XN1Q5ntPQ4++9xNr7IDmQh7ogdw=
2,-8,j4ROu2wvvQs2jx73adnisPuvSMg=,XN1Q5ntPQ4++9xNr7IDmQh7ogdw=
3,-8,j4ROu2wvvQs2jx73adnisPuvSMg=,XN1Q5ntPQ4++9xNr7IDmQh7ogdw=
4,-8,j4ROu2wvvQs2jx73adnisPuvSMg=,XN1Q5ntPQ4++9xNr7IDmQh7ogdw=
5,-8,j4ROu2wvvQs2jx73adnisPuvSMg=,XN1Q5ntPQ4++9xNr7IDmQh7ogdw=
6,-8,j4ROu2wvvQs2jx73adnisPuvSMg=,XN1Q5ntPQ4++9xNr7IDmQh7ogdw=
7,-8,j4ROu2wvvQs2jx73adnisPuvSMg=,XN1Q5ntPQ4++9xNr7IDmQh7ogdw=
8,-8,j4ROu2wvvQs2jx73adnisPuvSMg=,XN1Q5ntPQ4++9xNr7IDmQh7ogdw=
9,-8,j4ROu2wvvQs2jx73adnisPuvSMg=,O/FAuof6DIjRdMST+DKGz58DMYo=
0,-7,j4ROu2wvvQs2jx73adnisPuvSMg=,GKynjXGpIs/niTdH7GlKU4ZJG0M=
1,-7,j4ROu2wvvQs2jx73adnisPuvSMg=,GKynjXGpIs/niTdH7GlKU4ZJG0M=
2,-7,j4ROu2wvvQs2jx73adnisPuvSMg=,GKynjXGpIs/niTdH7GlKU4ZJG0M=
3,-7,j4ROu2wvvQs2jx73adnisPuvSMg=,GKynjXGpIs/niTdH7GlKU4ZJG0M=
4,-7,j4ROu2wvvQs2jx73adnisPuvSMg=,GKynjXGpIs/niTdH7GlKU4ZJG0M=
5,-7,j4ROu2wvvQs2jx73adnisPuvSMg=,GKynjXGpIs/niTdH7GlKU4ZJG0M=
6,-7,j4ROu2wvvQs2jx73adnisPuvSMg=,GKynjXGpIs/niTdH7GlKU4ZJG0M=
7,-7,j4ROu2wvvQs2jx73adnisPuvSMg=,GKynjXGpIs/niTdH7GlKU4ZJG0M=
8,-7,j4ROu2wvvQs2jx73adnisPuvSMg=,GKynjXGpIs/niTdH7GlKU4ZJG0M=
9,-7,j4ROu2wvvQs2jx73adnisPuvSMg=,ia/mDa7uGk4MgTAhZd5spe+x5uY=
0,-6,j4ROu2wvvQs2jx73adnisPuvSMg=,n56+VM7mIWq/B/BIuRdCvypcG3k=
1,-6,j4ROu2wvvQs2jx73adnisPuvSMg=,n56+VM7mIWq/B/BIuRdCvypcG3k=
2,-6,j4ROu2wvvQs2jx73adnisPuvSMg=,n56+VM7mIWq/B/BIuRdCvypcG3k=
3,-6,j4ROu2wvvQs2jx73adnisPuvSMg=,n56+VM7mIWq/B/BIuRdCvypcG3k=
4,-6,j4ROu2wvvQs2jx73adnisPuvSMg=,n56+VM7mIWq/B/BIuRdCvypcG3k=
5,-6,j4ROu2wvvQs2jx73adnisPuvSMg=,HjjqnGOClHsyccalmtXO1dVRBUg=
6,-6,j4ROu2wvvQs2jx73adnisPuvSMg=,/WFxaq3i+DQd0gS9otflOERxmAA=
7,-6,j4ROu2wvvQs2jx73adnisPuvSMg=,/WFxaq3i+DQd0gS9otflOERxmAA=
8,-6,KWMzjKJ6NRjiNje8a5RG6NoPuWw=,/WFxaq3i+DQd0gS9otflOERxmAA=
9,-6,KWMzjKJ6NRjiNje8a5RG6NoPuWw=,H3p8UIxPbyRHDhquZQkep7yim+Y=
0,-5,KWMzjKJ6NRjiNje8a5RG6NoPuWw=,/WFxaq3i+DQd0gS9otflOERxmAA=
1,-5,KWMzjKJ6NRjiNje8a5RG6NoPuWw=,/WFxaq3i+DQd0gS9otflOERxmAA=
2,-5,KWMzjKJ6NRjiNje8a5RG6NoPuWw=,/WFxaq3i+DQd0gS9otflOERxmAA=
3,-5,KWMzjKJ6NRjiNje8a5RG6NoPuWw=,/WFxaq3i+DQd0gS9otflOERxmAA=
4,-5,KWMzjKJ6NRjiNje8a5RG6NoPuWw=,/WFxaq3i+DQd0gS9otflOERxmAA=
5,-5,KWMzjKJ6NRjiNje8a5RG6NoPuWw=,/WFxaq3i+DQd0gS9otflOERxmAA=
6,-5,KWMzjKJ6NRjiNje8a5RG6NoPuWw=,/WFxaq3i+DQd0gS9otflOERxmAA=
7,-5,KWMzjKJ6NRjiNje8a5RG6NoPuWw=,/WFxaq3i+DQd0gS9otflOERxmAA=
8,-5,KWMzjKJ6NRjiNje8a5RG6NoPuWw=,/WFxaq3i+DQd0gS9otflOERxmAA=
9,-5,KWMzjKJ6NRjiNje8a5RG6NoPuWw=,H3p8UIxPbyRHDhquZQkep7yim+Y=
0,-4,KWMzjKJ6NRjiNje8a5RG6NoPuWw=,pcBdixWOA53I4jEIUqXxJdtvMzs=
1,-4,KWMzjKJ6NRjiNje8a5RG6NoPuWw=,pcBdixWOA53I4jEIUqXxJdtvMzs=
2,-4,KWMzjKJ6NRjiNje8a5RG6NoPuWw=,pcBdixWOA53I4jEIUqXxJdtvMzs=
3,-4,KWMzjKJ6NRjiNje8a5RG6NoPuWw=,pcBdixWOA53I4jEIUqXxJdtvMzs=
4,-4,KWMzjKJ6NRjiNje8a5RG6NoPuWw=,pcBdixWOA53I4jEIUqXxJdtvMzs=
5,-4,KWMzjKJ6NRjiNje8a5RG6NoPuWw=,pcBdixWOA53I4jEIUqXxJdtvMzs=
6,-4,KWMzjKJ6NRjiNje8a5RG6NoPuWw=,pcBdixWOA53I4jEIUqXxJdtvMzs=
7,-4,KWMzjKJ6NRjiNje8a5RG6NoPuWw=,pcBdixWOA53I4jEIUqXxJdtvMzs=
8,-4,KWMzjKJ6NRjiNje8a5RG6NoPuWw=,pcBdixWOA53I4jEIUqXxJdtvMzs=
9,-4,KWMzjKJ6NRjiNje8a5RG6NoPuWw=,PpBZI9lgrBIVib8bhw+WUJ+coJQ=
0,-3,KWMzjKJ6NRjiNje8a5RG6NoPuWw=,7yM483EBzR2rRXCHkHJg8cnqS/8=
1,-3,KWMzjKJ6NRjiNje8a5RG6NoPuWw=,7yM483EBzR2rRXCHkHJg8cnqS/8=
2,-3,KWMzjKJ6NRjiNje8a5RG6NoPuWw=,7yM483EBzR2rRXCHkHJg8cnqS/8=
3,-3,KWMzjKJ6NRjiNje8a5RG6NoPuWw=,7yM483EBzR2rRXCHkHJg8cnqS/8=
4,-3,KWMzjKJ6NRjiNje8a5RG6NoPuWw=,7yM483EBzR2rRXCHkHJg8cnqS/8=
5,-3,KWMzjKJ6NRjiNje8a5RG6NoPuWw=,7yM483EBzR2rRXCHkHJg8cnqS/8=
6,-3,KWMzjKJ6NRjiNje8a5RG6NoPuWw=,7yM483EBzR2rRXCHkHJg8cnqS/8=
7,-3,KWMzjKJ6NRjiNje8a5RG6NoPuWw=,7yM483EBzR2rRXCHkHJg8cnqS/8=
8,-3,KWMzjKJ6NRjiNje8a5RG6NoPuWw=,7yM483EBzR2rRXCHkHJg8cnqS/8=
9,-3,KWMzjKJ6NRjiNje8a5RG6NoPuWw=,XhVRfH5Lr9jPnAYFS03uJZbppaE=
0,-2,KWMzjKJ6NRjiNje8a5RG6NoPuWw=,TAQBgUPL69XG974sB4j5SNQRccA=
1,-2,KWMzjKJ6NRjiNje8a5RG6NoPuWw=,TAQBgUPL69XG974sB4j5SNQRccA=
2,-2,KWMzjKJ6NRjiNje8a5RG6NoPuWw=,TAQBgUPL69XG974sB4j5SNQRccA=
3,-2,KWMzjKJ6NRjiNje8a5RG6NoPuWw=,TAQBgUPL69XG974sB4j5SNQRccA=
4,-2,KWMzjKJ6NRjiNje8a5RG6NoPuWw=,TAQBgUPL69XG974sB4j5SNQRccA=
5,-2,KWMzjKJ6NRjiNje8a5RG6NoPuWw=,TAQBgUPL69XG974sB4j5SNQRccA=
6,-2,KWMzjKJ6NRjiNje8a5RG6NoPuWw=,TAQBgUPL69XG974sB4j5SNQRccA=
7,-2,KWMzjKJ6NRjiNje8a5RG6NoPuWw=,TAQBgUPL69XG974sB4j5SNQRccA=
8,-2,KWMzjKJ6NRjiNje8a5RG6NoPuWw=,TAQBgUPL69XG974sB4j5SNQRccA=
9,-2,KWMzjKJ6NRjiNje8a5RG6NoPuWw=,tS6utlHNSx3QBQ+1rB5ckSy1xI8=
0,-1,KWMzjKJ6NRjiNje8a5RG6NoPuWw=,86RwneVbdX3vY8mtDgbhxGT8HUU=
1,-1,KWMzjKJ6NRjiNje8a5RG6NoPuWw=,86RwneVbdX3vY8mtDgbhxGT8HUU=
2,-1,KWMzjKJ6NRjiNje8a5RG6NoPuWw=,86RwneVbdX3vY8mtDgbhxGT8HUU=
3,-1,KWMzjKJ6NRjiNje8a5RG6NoPuWw=,86RwneVbdX3vY8mtDgbhxGT8HUU=
4,-1,KWMzjKJ6NRjiNje8a5RG6NoPuWw=,q8nK0aluxYkDUYB8GUZ7iuhqlQg=
5,-1,KWMzjKJ6NRjiNje8a5RG6NoPuWw=,q8nK0aluxYkDUYB8GUZ7iuhqlQg=
6,-1,KWMzjKJ6NRjiNje8a5RG6NoPuWw=,q8nK0aluxYkDUYB8GUZ7iuhqlQg=
7,-1,KWMzjKJ6NRjiNje8a5RG6NoPuWw=,q8nK0aluxYkDUYB8GUZ7iuhqlQg=
8,-1,KWMzjKJ6NRjiNje8a5RG6NoPuWw=,q8nK0aluxYkDUYB8GUZ7iuhqlQg=
9,-1,KWMzjKJ6NRjiNje8a5RG6NoPuWw=,FD0RSTD07zyDuDztE0Quz4V27ec=
