-6,-36,OSdDN6WVNt+gALFHwXTqprly6bw=,i41Nkpbpe1NpAsQAxxLNQXBEz0g=
-6,-37,OSdDN6WVNt+gALFHwXTqprly6bw=,3iN4P949qlWt3JwqREH6tzjUHDU=
-7,-37,OSdDN6WVNt+gALFHwXTqprly6bw=,u6/4PWUYFRyXQMEGINBYMnY7R2g=
-7,-36,OSdDN6WVNt+gALFHwXTqprly6bw=,CRoacJtyJaCa2ixbuQVyIEbtHIw=
-8,-38,OSdDN6WVNt+gALFHwXTqprly6bw=,u6/4PWUYFRyXQMEGINBYMnY7R2g=
-9,-39,OSdDN6WVNt+gALFHwXTqprly6bw=,u30ZcCXl7bmxLl3iQBaWm9rYbrA=
-8,-39,OSdDN6WVNt+gALFHwXTqprly6bw=,Gt4DlyGob8pLoPxAR/7aaT/+K80=
-9,-38,OSdDN6WVNt+gALFHwXTqprly6bw=,61tbWcFboIOuzbf9ZaSlpb8SmzM=
-10,-39,OSdDN6WVNt+gALFHwXTqprly6bw=,u30ZcCXl7bmxLl3iQBaWm9rYbrA=
-10,-38,OSdDN6WVNt+gALFHwXTqprly6bw=,61tbWcFboIOuzbf9ZaSlpb8SmzM=
-11,-38,OSdDN6WVNt+gALFHwXTqprly6bw=,YKNmkpQTG56eDlJm7pnx4AoSn1Y=
-11,-39,OSdDN6WVNt+gALFHwXTqprly6bw=,MasmJaKDVO52N7OirCSipm9YSco=
-12,-38,OSdDN6WVNt+gALFHwXTqprly6bw=,YKNmkpQTG56eDlJm7pnx4AoSn1Y=
-13,-38,OSdDN6WVNt+gALFHwXTqprly6bw=,QAO/X/BqZcmCWNmh7NFxvtkVbVI=
-12,-39,OSdDN6WVNt+gALFHwXTqprly6bw=,MasmJaKDVO52N7OirCSipm9YSco=
-13,-39,OSdDN6WVNt+gALFHwXTqprly6bw=,07hURnN4DKXztuow4pJaP5eQt7E=
-12,-36,OSdDN6WVNt+gALFHwXTqprly6bw=,zuOwRpJJvNumQwKRi2u4Vp4pW6Y=
-13,-36,OSdDN6WVNt+gALFHwXTqprly6bw=,/ZJFbJ3XYT/TU/JVoytk8Z8/1E8=
-12,-37,OSdDN6WVNt+gALFHwXTqprly6bw=,YKNmkpQTG56eDlJm7pnx4AoSn1Y=
-13,-37,OSdDN6WVNt+gALFHwXTqprly6bw=,QAO/X/BqZcmCWNmh7NFxvtkVbVI=
-12,-34,RYW7zsdOO4mT9dtQns4EP3RZXRI=,f9xi4uqerpAhefI7QCQPQxwwOWs=
-13,-34,RYW7zsdOO4mT9dtQns4EP3RZXRI=,NkRYuHs5G3NnlHBl93Zm75aH8n4=
-13,-35,RYW7zsdOO4mT9dtQns4EP3RZXRI=,/ZJFbJ3XYT/TU/JVoytk8Z8/1E8=
-12,-35,RYW7zsdOO4mT9dtQns4EP3RZXRI=,zuOwRpJJvNumQwKRi2u4Vp4pW6Y=
-15,-35,RYW7zsdOO4mT9dtQns4EP3RZXRI=,qV5RLYx3/tq4Zqwyw5pAIkZJafM=
-10,-36,RYW7zsdOO4mT9dtQns4EP3RZXRI=,bqJ555ZKih3xrdeeaqnHuBPdo0I=
-14,-35,RYW7zsdOO4mT9dtQns4EP3RZXRI=,/ZJFbJ3XYT/TU/JVoytk8Z8/1E8=
-10,-35,RYW7zsdOO4mT9dtQns4EP3RZXRI=,bqJ555ZKih3xrdeeaqnHuBPdo0I=
-15,-34,RYW7zsdOO4mT9dtQns4EP3RZXRI=,76oeCAVEK1g/jQ09M62cYwfYzWw=
-11,-35,RYW7zsdOO4mT9dtQns4EP3RZXRI=,zuOwRpJJvNumQwKRi2u4Vp4pW6Y=
-8,-36,RYW7zsdOO4mT9dtQns4EP3RZXRI=,CRoacJtyJaCa2ixbuQVyIEbtHIw=
-14,-34,RYW7zsdOO4mT9dtQns4EP3RZXRI=,NkRYuHs5G3NnlHBl93Zm75aH8n4=
-9,-37,RYW7zsdOO4mT9dtQns4EP3RZXRI=,61tbWcFboIOuzbf9ZaSlpb8SmzM=
-8,-37,RYW7zsdOO4mT9dtQns4EP3RZXRI=,u6/4PWUYFRyXQMEGINBYMnY7R2g=
-11,-36,RYW7zsdOO4mT9dtQns4EP3RZXRI=,zuOwRpJJvNumQwKRi2u4Vp4pW6Y=
-11,-34,RYW7zsdOO4mT9dtQns4EP3RZXRI=,f9xi4uqerpAhefI7QCQPQxwwOWs=
-9,-36,RYW7zsdOO4mT9dtQns4EP3RZXRI=,bqJ555ZKih3xrdeeaqnHuBPdo0I=
-10,-37,RYW7zsdOO4mT9dtQns4EP3RZXRI=,61tbWcFboIOuzbf9ZaSlpb8SmzM=
-10,-34,RYW7zsdOO4mT9dtQns4EP3RZXRI=,X0MnxZgQUUZf0BP7gdEtAK+78TQ=
-11,-37,RYW7zsdOO4mT9dtQns4EP3RZXRI=,YKNmkpQTG56eDlJm7pnx4AoSn1Y=
-8,-34,RYW7zsdOO4mT9dtQns4EP3RZXRI=,aI2YIQT7LUrSekPfy3yZ64EcAzE=
-9,-35,RYW7zsdOO4mT9dtQns4EP3RZXRI=,bqJ555ZKih3xrdeeaqnHuBPdo0I=
-9,-34,RYW7zsdOO4mT9dtQns4EP3RZXRI=,X0MnxZgQUUZf0BP7gdEtAK+78TQ=
-8,-35,RYW7zsdOO4mT9dtQns4EP3RZXRI=,CRoacJtyJaCa2ixbuQVyIEbtHIw=
-7,-34,RYW7zsdOO4mT9dtQns4EP3RZXRI=,aI2YIQT7LUrSekPfy3yZ64EcAzE=
-6,-35,RYW7zsdOO4mT9dtQns4EP3RZXRI=,i41Nkpbpe1NpAsQAxxLNQXBEz0g=
-7,-35,RYW7zsdOO4mT9dtQns4EP3RZXRI=,CRoacJtyJaCa2ixbuQVyIEbtHIw=
-6,-34,RYW7zsdOO4mT9dtQns4EP3RZXRI=,+mWah5GTHRXELrDc0UMkmBmD6fA=
-4,-35,RYW7zsdOO4mT9dtQns4EP3RZXRI=,NrdtU+z0zPqp8iQ9nOsQvpGj3K0=
-4,-34,RYW7zsdOO4mT9dtQns4EP3RZXRI=,lNGgAt+ZEkBEiWjcxhH0pxG8McM=
-5,-35,RYW7zsdOO4mT9dtQns4EP3RZXRI=,i41Nkpbpe1NpAsQAxxLNQXBEz0g=
-5,-34,RYW7zsdOO4mT9dtQns4EP3RZXRI=,+mWah5GTHRXELrDc0UMkmBmD6fA=
-4,-37,RYW7zsdOO4mT9dtQns4EP3RZXRI=,R29fayv47ObYj9JGS0MRDF1sv8Y=
-3,-37,RYW7zsdOO4mT9dtQns4EP3RZXRI=,R29fayv47ObYj9JGS0MRDF1sv8Y=
-5,-36,RYW7zsdOO4mT9dtQns4EP3RZXRI=,i41Nkpbpe1NpAsQAxxLNQXBEz0g=
-2,-36,RYW7zsdOO4mT9dtQns4EP3RZXRI=,Gunqj6wmReTCtmCsWfItN4q0Nu4=
-5,-37,RYW7zsdOO4mT9dtQns4EP3RZXRI=,3iN4P949qlWt3JwqREH6tzjUHDU=
-2,-37,RYW7zsdOO4mT9dtQns4EP3RZXRI=,vjpOK2g98YB6cyqS2rK7xnoAiQc=
-3,-36,RYW7zsdOO4mT9dtQns4EP3RZXRI=,NrdtU+z0zPqp8iQ9nOsQvpGj3K0=
-4,-36,RYW7zsdOO4mT9dtQns4EP3RZXRI=,NrdtU+z0zPqp8iQ9nOsQvpGj3K0=
-2,-39,RYW7zsdOO4mT9dtQns4EP3RZXRI=,aKeaUSJDd+OL7RdC457S7fcO3w4=
-3,-38,RYW7zsdOO4mT9dtQns4EP3RZXRI=,R29fayv47ObYj9JGS0MRDF1sv8Y=
-2,-38,RYW7zsdOO4mT9dtQns4EP3RZXRI=,vjpOK2g98YB6cyqS2rK7xnoAiQc=
-3,-39,RYW7zsdOO4mT9dtQns4EP3RZXRI=,jCyQokr4KH4xGsA2VipgG3+zOY4=
-3,-43,hnnJqxbTCg8YWiUgWNbnrx/SQbI=,TwKImjrqh0aOcfEn2sP7HHjh8wM=
-2,-42,hnnJqxbTCg8YWiUgWNbnrx/SQbI=,f5Hu9Pwk6RiAVfe749xYUN9gaAw=
-3,-42,hnnJqxbTCg8YWiUgWNbnrx/SQbI=,AvI27fk2ahPkNssELHX5Ygz5pmk=
-3,-41,hnnJqxbTCg8YWiUgWNbnrx/SQbI=,AvI27fk2ahPkNssELHX5Ygz5pmk=
-2,-41,hnnJqxbTCg8YWiUgWNbnrx/SQbI=,f5Hu9Pwk6RiAVfe749xYUN9gaAw=
-2,-43,hnnJqxbTCg8YWiUgWNbnrx/SQbI=,unduHqOro5lg2Rwc+lhMXayIe48=
-2,-40,hnnJqxbTCg8YWiUgWNbnrx/SQbI=,aKeaUSJDd+OL7RdC457S7fcO3w4=
-3,-40,hnnJqxbTCg8YWiUgWNbnrx/SQbI=,jCyQokr4KH4xGsA2VipgG3+zOY4=
-5,-42,hnnJqxbTCg8YWiUgWNbnrx/SQbI=,lLcvRpe8hyDbWpHFcwfBHVlqb5s=
-4,-42,hnnJqxbTCg8YWiUgWNbnrx/SQbI=,AvI27fk2ahPkNssELHX5Ygz5pmk=
-4,-43,hnnJqxbTCg8YWiUgWNbnrx/SQbI=,TwKImjrqh0aOcfEn2sP7HHjh8wM=
-5,-43,hnnJqxbTCg8YWiUgWNbnrx/SQbI=,IJdtJXKMrqwFYVl4aUmHgKMza8I=
-4,-47,hnnJqxbTCg8YWiUgWNbnrx/SQbI=,s5BwkheMJL8GEfXXNtWC/h8oTbY=
-4,-44,hnnJqxbTCg8YWiUgWNbnrx/SQbI=,TwKImjrqh0aOcfEn2sP7HHjh8wM=
-4,-46,hnnJqxbTCg8YWiUgWNbnrx/SQbI=,Zf13EPNOPTk08bEl7PbJFv0mUao=
-5,-47,hnnJqxbTCg8YWiUgWNbnrx/SQbI=,95/3C0t5GNOHSRQfQws9sj6p3GA=
-5,-46,hnnJqxbTCg8YWiUgWNbnrx/SQbI=,Gpf3HwCEGQ4gdO3kIs9iGDx5U3E=
-5,-44,hnnJqxbTCg8YWiUgWNbnrx/SQbI=,IJdtJXKMrqwFYVl4aUmHgKMza8I=
-4,-45,hnnJqxbTCg8YWiUgWNbnrx/SQbI=,Zf13EPNOPTk08bEl7PbJFv0mUao=
-5,-45,hnnJqxbTCg8YWiUgWNbnrx/SQbI=,Gpf3HwCEGQ4gdO3kIs9iGDx5U3E=
-10,-44,hnnJqxbTCg8YWiUgWNbnrx/SQbI=,v/sXKwQWOPPhRfigmmo47ek8awA=
-11,-44,hnnJqxbTCg8YWiUgWNbnrx/SQbI=,9P8Gf6hAm9lPKT93ayBjr/JpFK8=
-6,-44,hnnJqxbTCg8YWiUgWNbnrx/SQbI=,IJdtJXKMrqwFYVl4aUmHgKMza8I=
-10,-45,hnnJqxbTCg8YWiUgWNbnrx/SQbI=,+yVyqGNPfPpIaftNoVgdF/17iEA=
-11,-45,hnnJqxbTCg8YWiUgWNbnrx/SQbI=,hGQ98ffWye+R/1xr+elzpp4TiLA=
-9,-45,hnnJqxbTCg8YWiUgWNbnrx/SQbI=,+yVyqGNPfPpIaftNoVgdF/17iEA=
-7,-44,hnnJqxbTCg8YWiUgWNbnrx/SQbI=,fD5+LBWcQBcvJWdRknWdDNWlgTY=
-8,-44,hnnJqxbTCg8YWiUgWNbnrx/SQbI=,fD5+LBWcQBcvJWdRknWdDNWlgTY=
-6,-45,hnnJqxbTCg8YWiUgWNbnrx/SQbI=,Gpf3HwCEGQ4gdO3kIs9iGDx5U3E=
-9,-44,hnnJqxbTCg8YWiUgWNbnrx/SQbI=,v/sXKwQWOPPhRfigmmo47ek8awA=
-7,-45,hnnJqxbTCg8YWiUgWNbnrx/SQbI=,mZ3sXeOe5IxwfwTMWgKk9zsU3II=
-8,-45,hnnJqxbTCg8YWiUgWNbnrx/SQbI=,mZ3sXeOe5IxwfwTMWgKk9zsU3II=
-12,-44,hnnJqxbTCg8YWiUgWNbnrx/SQbI=,9P8Gf6hAm9lPKT93ayBjr/JpFK8=
-12,-45,hnnJqxbTCg8YWiUgWNbnrx/SQbI=,hGQ98ffWye+R/1xr+elzpp4TiLA=
-13,-45,hnnJqxbTCg8YWiUgWNbnrx/SQbI=,VaEgk9Ne/rSyuCznyARydpoXbbY=
-13,-44,hnnJqxbTCg8YWiUgWNbnrx/SQbI=,NqkDDbihj8INtnPEoNsz66jdf1Y=
-14,-46,hnnJqxbTCg8YWiUgWNbnrx/SQbI=,VaEgk9Ne/rSyuCznyARydpoXbbY=
-14,-47,hnnJqxbTCg8YWiUgWNbnrx/SQbI=,gyV9q+dOmVPWUsFwdItq1ClX1rI=
-15,-44,hnnJqxbTCg8YWiUgWNbnrx/SQbI=,yDNZ+kp1L/iinabEnBzeoAaneks=
-14,-44,hnnJqxbTCg8YWiUgWNbnrx/SQbI=,NqkDDbihj8INtnPEoNsz66jdf1Y=
-14,-45,hnnJqxbTCg8YWiUgWNbnrx/SQbI=,VaEgk9Ne/rSyuCznyARydpoXbbY=
-15,-46,hnnJqxbTCg8YWiUgWNbnrx/SQbI=,IaUZITGDGw9HgFaSMAII0M3XnPE=
-15,-47,hnnJqxbTCg8YWiUgWNbnrx/SQbI=,ehWXewBThwYK0HKnKbN3o2bTyOA=
-15,-45,hnnJqxbTCg8YWiUgWNbnrx/SQbI=,IaUZITGDGw9HgFaSMAII0M3XnPE=
-14,-42,0hHdg/oMIsdCHxZYc+o0xEd2lgQ=,p/9mlJcy/Rgbuxr9QpLNIBuuNSI=
-15,-43,0hHdg/oMIsdCHxZYc+o0xEd2lgQ=,yDNZ+kp1L/iinabEnBzeoAaneks=
-15,-42,0hHdg/oMIsdCHxZYc+o0xEd2lgQ=,/EIcIt2lAJHSAtCSYnWzPMKxAZA=
-12,-42,0hHdg/oMIsdCHxZYc+o0xEd2lgQ=,SdgeU6pn58tmBI9V+2rLjMf3dNA=
-14,-43,0hHdg/oMIsdCHxZYc+o0xEd2lgQ=,NqkDDbihj8INtnPEoNsz66jdf1Y=
-13,-43,0hHdg/oMIsdCHxZYc+o0xEd2lgQ=,NqkDDbihj8INtnPEoNsz66jdf1Y=
-12,-43,0hHdg/oMIsdCHxZYc+o0xEd2lgQ=,9P8Gf6hAm9lPKT93ayBjr/JpFK8=
-13,-41,0hHdg/oMIsdCHxZYc+o0xEd2lgQ=,p/9mlJcy/Rgbuxr9QpLNIBuuNSI=
-12,-41,0hHdg/oMIsdCHxZYc+o0xEd2lgQ=,SdgeU6pn58tmBI9V+2rLjMf3dNA=
-13,-40,0hHdg/oMIsdCHxZYc+o0xEd2lgQ=,07hURnN4DKXztuow4pJaP5eQt7E=
-12,-40,0hHdg/oMIsdCHxZYc+o0xEd2lgQ=,MasmJaKDVO52N7OirCSipm9YSco=
-13,-42,0hHdg/oMIsdCHxZYc+o0xEd2lgQ=,p/9mlJcy/Rgbuxr9QpLNIBuuNSI=
-10,-40,0hHdg/oMIsdCHxZYc+o0xEd2lgQ=,u30ZcCXl7bmxLl3iQBaWm9rYbrA=
-11,-42,0hHdg/oMIsdCHxZYc+o0xEd2lgQ=,SdgeU6pn58tmBI9V+2rLjMf3dNA=
-11,-41,0hHdg/oMIsdCHxZYc+o0xEd2lgQ=,SdgeU6pn58tmBI9V+2rLjMf3dNA=
-10,-42,0hHdg/oMIsdCHxZYc+o0xEd2lgQ=,PJMEJWiCxb6RTKIkSieTa+8PqPM=
-10,-43,0hHdg/oMIsdCHxZYc+o0xEd2lgQ=,v/sXKwQWOPPhRfigmmo47ek8awA=
-9,-40,0hHdg/oMIsdCHxZYc+o0xEd2lgQ=,u30ZcCXl7bmxLl3iQBaWm9rYbrA=
-11,-43,0hHdg/oMIsdCHxZYc+o0xEd2lgQ=,9P8Gf6hAm9lPKT93ayBjr/JpFK8=
-8,-42,0hHdg/oMIsdCHxZYc+o0xEd2lgQ=,Kx79GL3aS8AsNSpC9qH2QYMGBNk=
-7,-43,0hHdg/oMIsdCHxZYc+o0xEd2lgQ=,fD5+LBWcQBcvJWdRknWdDNWlgTY=
-9,-41,0hHdg/oMIsdCHxZYc+o0xEd2lgQ=,PJMEJWiCxb6RTKIkSieTa+8PqPM=
-8,-41,0hHdg/oMIsdCHxZYc+o0xEd2lgQ=,Kx79GL3aS8AsNSpC9qH2QYMGBNk=
-10,-41,0hHdg/oMIsdCHxZYc+o0xEd2lgQ=,PJMEJWiCxb6RTKIkSieTa+8PqPM=
-6,-39,0hHdg/oMIsdCHxZYc+o0xEd2lgQ=,5UaUo2eZ0oUA7GWvB5nrdWp0QsE=
-5,-38,0hHdg/oMIsdCHxZYc+o0xEd2lgQ=,3iN4P949qlWt3JwqREH6tzjUHDU=
-8,-43,0hHdg/oMIsdCHxZYc+o0xEd2lgQ=,fD5+LBWcQBcvJWdRknWdDNWlgTY=
-9,-43,0hHdg/oMIsdCHxZYc+o0xEd2lgQ=,v/sXKwQWOPPhRfigmmo47ek8awA=
-9,-42,0hHdg/oMIsdCHxZYc+o0xEd2lgQ=,PJMEJWiCxb6RTKIkSieTa+8PqPM=
-11,-40,0hHdg/oMIsdCHxZYc+o0xEd2lgQ=,MasmJaKDVO52N7OirCSipm9YSco=
-5,-40,0hHdg/oMIsdCHxZYc+o0xEd2lgQ=,5UaUo2eZ0oUA7GWvB5nrdWp0QsE=
-6,-42,0hHdg/oMIsdCHxZYc+o0xEd2lgQ=,lLcvRpe8hyDbWpHFcwfBHVlqb5s=
-8,-40,0hHdg/oMIsdCHxZYc+o0xEd2lgQ=,Gt4DlyGob8pLoPxAR/7aaT/+K80=
-7,-42,0hHdg/oMIsdCHxZYc+o0xEd2lgQ=,Kx79GL3aS8AsNSpC9qH2QYMGBNk=
-6,-43,0hHdg/oMIsdCHxZYc+o0xEd2lgQ=,IJdtJXKMrqwFYVl4aUmHgKMza8I=
-5,-41,0hHdg/oMIsdCHxZYc+o0xEd2lgQ=,lLcvRpe8hyDbWpHFcwfBHVlqb5s=
-7,-40,0hHdg/oMIsdCHxZYc+o0xEd2lgQ=,Gt4DlyGob8pLoPxAR/7aaT/+K80=
-4,-38,0hHdg/oMIsdCHxZYc+o0xEd2lgQ=,R29fayv47ObYj9JGS0MRDF1sv8Y=
-6,-38,0hHdg/oMIsdCHxZYc+o0xEd2lgQ=,3iN4P949qlWt3JwqREH6tzjUHDU=
-6,-40,0hHdg/oMIsdCHxZYc+o0xEd2lgQ=,5UaUo2eZ0oUA7GWvB5nrdWp0QsE=
-5,-39,0hHdg/oMIsdCHxZYc+o0xEd2lgQ=,5UaUo2eZ0oUA7GWvB5nrdWp0QsE=
-4,-40,0hHdg/oMIsdCHxZYc+o0xEd2lgQ=,jCyQokr4KH4xGsA2VipgG3+zOY4=
-7,-39,0hHdg/oMIsdCHxZYc+o0xEd2lgQ=,Gt4DlyGob8pLoPxAR/7aaT/+K80=
-7,-38,0hHdg/oMIsdCHxZYc+o0xEd2lgQ=,u6/4PWUYFRyXQMEGINBYMnY7R2g=
-7,-41,0hHdg/oMIsdCHxZYc+o0xEd2lgQ=,Kx79GL3aS8AsNSpC9qH2QYMGBNk=
-4,-41,0hHdg/oMIsdCHxZYc+o0xEd2lgQ=,AvI27fk2ahPkNssELHX5Ygz5pmk=
-4,-39,0hHdg/oMIsdCHxZYc+o0xEd2lgQ=,jCyQokr4KH4xGsA2VipgG3+zOY4=
-15,-37,0hHdg/oMIsdCHxZYc+o0xEd2lgQ=,fjjCueJcQgmb5J/VPJz//tC7bQ0=
-14,-36,0hHdg/oMIsdCHxZYc+o0xEd2lgQ=,/ZJFbJ3XYT/TU/JVoytk8Z8/1E8=
-6,-41,0hHdg/oMIsdCHxZYc+o0xEd2lgQ=,lLcvRpe8hyDbWpHFcwfBHVlqb5s=
-14,-37,0hHdg/oMIsdCHxZYc+o0xEd2lgQ=,QAO/X/BqZcmCWNmh7NFxvtkVbVI=
-15,-36,0hHdg/oMIsdCHxZYc+o0xEd2lgQ=,qV5RLYx3/tq4Zqwyw5pAIkZJafM=
-16,-47,0hHdg/oMIsdCHxZYc+o0xEd2lgQ=,ehWXewBThwYK0HKnKbN3o2bTyOA=
-16,-43,0hHdg/oMIsdCHxZYc+o0xEd2lgQ=,yDNZ+kp1L/iinabEnBzeoAaneks=
-16,-46,0hHdg/oMIsdCHxZYc+o0xEd2lgQ=,IaUZITGDGw9HgFaSMAII0M3XnPE=
-16,-42,0hHdg/oMIsdCHxZYc+o0xEd2lgQ=,/EIcIt2lAJHSAtCSYnWzPMKxAZA=
-16,-45,0hHdg/oMIsdCHxZYc+o0xEd2lgQ=,IaUZITGDGw9HgFaSMAII0M3XnPE=
-16,-44,0hHdg/oMIsdCHxZYc+o0xEd2lgQ=,yDNZ+kp1L/iinabEnBzeoAaneks=
-14,-33,0hHdg/oMIsdCHxZYc+o0xEd2lgQ=,NkRYuHs5G3NnlHBl93Zm75aH8n4=
-15,-33,0hHdg/oMIsdCHxZYc+o0xEd2lgQ=,76oeCAVEK1g/jQ09M62cYwfYzWw=
-12,-33,0hHdg/oMIsdCHxZYc+o0xEd2lgQ=,f9xi4uqerpAhefI7QCQPQxwwOWs=
-15,-41,0hHdg/oMIsdCHxZYc+o0xEd2lgQ=,/EIcIt2lAJHSAtCSYnWzPMKxAZA=
-16,-41,0hHdg/oMIsdCHxZYc+o0xEd2lgQ=,/EIcIt2lAJHSAtCSYnWzPMKxAZA=
-14,-40,0hHdg/oMIsdCHxZYc+o0xEd2lgQ=,07hURnN4DKXztuow4pJaP5eQt7E=
-15,-38,0hHdg/oMIsdCHxZYc+o0xEd2lgQ=,fjjCueJcQgmb5J/VPJz//tC7bQ0=
-15,-39,0hHdg/oMIsdCHxZYc+o0xEd2lgQ=,mv32MUWhD+AX7uvdbPArZ3dY99E=
-15,-40,0hHdg/oMIsdCHxZYc+o0xEd2lgQ=,mv32MUWhD+AX7uvdbPArZ3dY99E=
-16,-40,0hHdg/oMIsdCHxZYc+o0xEd2lgQ=,mv32MUWhD+AX7uvdbPArZ3dY99E=
-14,-38,0hHdg/oMIsdCHxZYc+o0xEd2lgQ=,QAO/X/BqZcmCWNmh7NFxvtkVbVI=
-13,-33,0hHdg/oMIsdCHxZYc+o0xEd2lgQ=,NkRYuHs5G3NnlHBl93Zm75aH8n4=
-16,-39,0hHdg/oMIsdCHxZYc+o0xEd2lgQ=,mv32MUWhD+AX7uvdbPArZ3dY99E=
-14,-41,0hHdg/oMIsdCHxZYc+o0xEd2lgQ=,p/9mlJcy/Rgbuxr9QpLNIBuuNSI=
-16,-38,0hHdg/oMIsdCHxZYc+o0xEd2lgQ=,fjjCueJcQgmb5J/VPJz//tC7bQ0=
-14,-39,0hHdg/oMIsdCHxZYc+o0xEd2lgQ=,07hURnN4DKXztuow4pJaP5eQt7E=
-9,-33,0hHdg/oMIsdCHxZYc+o0xEd2lgQ=,X0MnxZgQUUZf0BP7gdEtAK+78TQ=
-8,-33,0hHdg/oMIsdCHxZYc+o0xEd2lgQ=,aI2YIQT7LUrSekPfy3yZ64EcAzE=
-11,-33,0hHdg/oMIsdCHxZYc+o0xEd2lgQ=,f9xi4uqerpAhefI7QCQPQxwwOWs=
-7,-33,0hHdg/oMIsdCHxZYc+o0xEd2lgQ=,aI2YIQT7LUrSekPfy3yZ64EcAzE=
-10,-33,0hHdg/oMIsdCHxZYc+o0xEd2lgQ=,X0MnxZgQUUZf0BP7gdEtAK+78TQ=
-6,-33,0hHdg/oMIsdCHxZYc+o0xEd2lgQ=,+mWah5GTHRXELrDc0UMkmBmD6fA=
-4,-33,0hHdg/oMIsdCHxZYc+o0xEd2lgQ=,lNGgAt+ZEkBEiWjcxhH0pxG8McM=
-5,-33,0hHdg/oMIsdCHxZYc+o0xEd2lgQ=,+mWah5GTHRXELrDc0UMkmBmD6fA=
-1,-39,0hHdg/oMIsdCHxZYc+o0xEd2lgQ=,aKeaUSJDd+OL7RdC457S7fcO3w4=
-1,-37,0hHdg/oMIsdCHxZYc+o0xEd2lgQ=,vjpOK2g98YB6cyqS2rK7xnoAiQc=
-1,-38,0hHdg/oMIsdCHxZYc+o0xEd2lgQ=,vjpOK2g98YB6cyqS2rK7xnoAiQc=
-1,-40,0hHdg/oMIsdCHxZYc+o0xEd2lgQ=,aKeaUSJDd+OL7RdC457S7fcO3w4=
-1,-36,0hHdg/oMIsdCHxZYc+o0xEd2lgQ=,Gunqj6wmReTCtmCsWfItN4q0Nu4=
-1,-41,0hHdg/oMIsdCHxZYc+o0xEd2lgQ=,f5Hu9Pwk6RiAVfe749xYUN9gaAw=
-1,-42,0hHdg/oMIsdCHxZYc+o0xEd2lgQ=,f5Hu9Pwk6RiAVfe749xYUN9gaAw=
-1,-43,0hHdg/oMIsdCHxZYc+o0xEd2lgQ=,unduHqOro5lg2Rwc+lhMXayIe48=
-2,-48,0hHdg/oMIsdCHxZYc+o0xEd2lgQ=,8fYCJ1cZoKS100UvZXWglhJs3+I=
-3,-48,0hHdg/oMIsdCHxZYc+o0xEd2lgQ=,s5BwkheMJL8GEfXXNtWC/h8oTbY=
-7,-47,0hHdg/oMIsdCHxZYc+o0xEd2lgQ=,jr2Yhs0MaKhkKzmclJi4R1AKuBA=
-8,-47,0hHdg/oMIsdCHxZYc+o0xEd2lgQ=,jr2Yhs0MaKhkKzmclJi4R1AKuBA=
-7,-46,0hHdg/oMIsdCHxZYc+o0xEd2lgQ=,mZ3sXeOe5IxwfwTMWgKk9zsU3II=
-8,-46,0hHdg/oMIsdCHxZYc+o0xEd2lgQ=,mZ3sXeOe5IxwfwTMWgKk9zsU3II=
-9,-47,0hHdg/oMIsdCHxZYc+o0xEd2lgQ=,d/B+FAfT8NW6c+QnovDHOCYoc3Y=
-6,-46,0hHdg/oMIsdCHxZYc+o0xEd2lgQ=,Gpf3HwCEGQ4gdO3kIs9iGDx5U3E=
-6,-47,0hHdg/oMIsdCHxZYc+o0xEd2lgQ=,95/3C0t5GNOHSRQfQws9sj6p3GA=
-9,-46,0hHdg/oMIsdCHxZYc+o0xEd2lgQ=,+yVyqGNPfPpIaftNoVgdF/17iEA=
-14,-48,0hHdg/oMIsdCHxZYc+o0xEd2lgQ=,gyV9q+dOmVPWUsFwdItq1ClX1rI=
-15,-48,0hHdg/oMIsdCHxZYc+o0xEd2lgQ=,ehWXewBThwYK0HKnKbN3o2bTyOA=
-13,-48,0hHdg/oMIsdCHxZYc+o0xEd2lgQ=,gyV9q+dOmVPWUsFwdItq1ClX1rI=
-10,-48,0hHdg/oMIsdCHxZYc+o0xEd2lgQ=,d/B+FAfT8NW6c+QnovDHOCYoc3Y=
-10,-47,0hHdg/oMIsdCHxZYc+o0xEd2lgQ=,d/B+FAfT8NW6c+QnovDHOCYoc3Y=
-11,-47,0hHdg/oMIsdCHxZYc+o0xEd2lgQ=,1ttmUQupO8v+dQpAGxsru7lyLec=
-13,-46,0hHdg/oMIsdCHxZYc+o0xEd2lgQ=,VaEgk9Ne/rSyuCznyARydpoXbbY=
-13,-47,0hHdg/oMIsdCHxZYc+o0xEd2lgQ=,gyV9q+dOmVPWUsFwdItq1ClX1rI=
-12,-48,0hHdg/oMIsdCHxZYc+o0xEd2lgQ=,1ttmUQupO8v+dQpAGxsru7lyLec=
-16,-36,0hHdg/oMIsdCHxZYc+o0xEd2lgQ=,qV5RLYx3/tq4Zqwyw5pAIkZJafM=
-11,-46,0hHdg/oMIsdCHxZYc+o0xEd2lgQ=,hGQ98ffWye+R/1xr+elzpp4TiLA=
-12,-46,0hHdg/oMIsdCHxZYc+o0xEd2lgQ=,hGQ98ffWye+R/1xr+elzpp4TiLA=
-10,-46,0hHdg/oMIsdCHxZYc+o0xEd2lgQ=,+yVyqGNPfPpIaftNoVgdF/17iEA=
-12,-47,0hHdg/oMIsdCHxZYc+o0xEd2lgQ=,1ttmUQupO8v+dQpAGxsru7lyLec=
-3,-33,0hHdg/oMIsdCHxZYc+o0xEd2lgQ=,lNGgAt+ZEkBEiWjcxhH0pxG8McM=
-11,-48,0hHdg/oMIsdCHxZYc+o0xEd2lgQ=,1ttmUQupO8v+dQpAGxsru7lyLec=
-2,-33,0hHdg/oMIsdCHxZYc+o0xEd2lgQ=,fqxmPhVqSBY7lTGb7Y7V98mL9O4=
-1,-34,0hHdg/oMIsdCHxZYc+o0xEd2lgQ=,fqxmPhVqSBY7lTGb7Y7V98mL9O4=
-16,-37,0hHdg/oMIsdCHxZYc+o0xEd2lgQ=,fjjCueJcQgmb5J/VPJz//tC7bQ0=
-1,-33,0hHdg/oMIsdCHxZYc+o0xEd2lgQ=,fqxmPhVqSBY7lTGb7Y7V98mL9O4=
-2,-34,0hHdg/oMIsdCHxZYc+o0xEd2lgQ=,fqxmPhVqSBY7lTGb7Y7V98mL9O4=
-1,-35,0hHdg/oMIsdCHxZYc+o0xEd2lgQ=,Gunqj6wmReTCtmCsWfItN4q0Nu4=
-3,-34,0hHdg/oMIsdCHxZYc+o0xEd2lgQ=,lNGgAt+ZEkBEiWjcxhH0pxG8McM=
-3,-35,0hHdg/oMIsdCHxZYc+o0xEd2lgQ=,NrdtU+z0zPqp8iQ9nOsQvpGj3K0=
-2,-35,0hHdg/oMIsdCHxZYc+o0xEd2lgQ=,Gunqj6wmReTCtmCsWfItN4q0Nu4=
-1,-47,0hHdg/oMIsdCHxZYc+o0xEd2lgQ=,8fYCJ1cZoKS100UvZXWglhJs3+I=
-3,-47,0hHdg/oMIsdCHxZYc+o0xEd2lgQ=,s5BwkheMJL8GEfXXNtWC/h8oTbY=
-3,-46,0hHdg/oMIsdCHxZYc+o0xEd2lgQ=,Zf13EPNOPTk08bEl7PbJFv0mUao=
-2,-47,0hHdg/oMIsdCHxZYc+o0xEd2lgQ=,8fYCJ1cZoKS100UvZXWglhJs3+I=
-2,-46,0hHdg/oMIsdCHxZYc+o0xEd2lgQ=,Vm9z46c8PF0IgJRPJD3I1xjSRvk=
-1,-46,0hHdg/oMIsdCHxZYc+o0xEd2lgQ=,Vm9z46c8PF0IgJRPJD3I1xjSRvk=
-4,-48,0hHdg/oMIsdCHxZYc+o0xEd2lgQ=,s5BwkheMJL8GEfXXNtWC/h8oTbY=
-5,-48,0hHdg/oMIsdCHxZYc+o0xEd2lgQ=,95/3C0t5GNOHSRQfQws9sj6p3GA=
-3,-44,0hHdg/oMIsdCHxZYc+o0xEd2lgQ=,TwKImjrqh0aOcfEn2sP7HHjh8wM=
-2,-45,0hHdg/oMIsdCHxZYc+o0xEd2lgQ=,Vm9z46c8PF0IgJRPJD3I1xjSRvk=
-3,-45,0hHdg/oMIsdCHxZYc+o0xEd2lgQ=,Zf13EPNOPTk08bEl7PbJFv0mUao=
-2,-44,0hHdg/oMIsdCHxZYc+o0xEd2lgQ=,unduHqOro5lg2Rwc+lhMXayIe48=
-1,-45,0hHdg/oMIsdCHxZYc+o0xEd2lgQ=,Vm9z46c8PF0IgJRPJD3I1xjSRvk=
-9,-48,0hHdg/oMIsdCHxZYc+o0xEd2lgQ=,d/B+FAfT8NW6c+QnovDHOCYoc3Y=
-1,-44,0hHdg/oMIsdCHxZYc+o0xEd2lgQ=,unduHqOro5lg2Rwc+lhMXayIe48=
-6,-48,0hHdg/oMIsdCHxZYc+o0xEd2lgQ=,95/3C0t5GNOHSRQfQws9sj6p3GA=
-8,-48,0hHdg/oMIsdCHxZYc+o0xEd2lgQ=,jr2Yhs0MaKhkKzmclJi4R1AKuBA=
-7,-48,0hHdg/oMIsdCHxZYc+o0xEd2lgQ=,jr2Yhs0MaKhkKzmclJi4R1AKuBA=
-1,-48,0hHdg/oMIsdCHxZYc+o0xEd2lgQ=,8fYCJ1cZoKS100UvZXWglhJs3+I=
-16,-48,0hHdg/oMIsdCHxZYc+o0xEd2lgQ=,ehWXewBThwYK0HKnKbN3o2bTyOA=
-16,-34,0hHdg/oMIsdCHxZYc+o0xEd2lgQ=,76oeCAVEK1g/jQ09M62cYwfYzWw=
-16,-35,0hHdg/oMIsdCHxZYc+o0xEd2lgQ=,qV5RLYx3/tq4Zqwyw5pAIkZJafM=
-16,-33,0hHdg/oMIsdCHxZYc+o0xEd2lgQ=,76oeCAVEK1g/jQ09M62cYwfYzWw=
-23,-34,dL3nVArBQdOHu/sWrv7CUISA4h0=,ovPJiMHQsCVhzYyzzygyihimoVc=
-23,-35,dL3nVArBQdOHu/sWrv7CUISA4h0=,a3JaNVgbRILfiVV8fiaYAA4mQW4=
-22,-35,dL3nVArBQdOHu/sWrv7CUISA4h0=,zhjLlmmHvgVfqqUDwrhDOHHsGUc=
-22,-34,dL3nVArBQdOHu/sWrv7CUISA4h0=,qqA8SxIESYDsVxgLy1WRz9D0XnY=
-22,-36,qk07DLxolp8MQlZ8rIVI2l80S/o=,zhjLlmmHvgVfqqUDwrhDOHHsGUc=
-22,-37,qk07DLxolp8MQlZ8rIVI2l80S/o=,am/ezCa20yo+Mw1XVdmi2abLVzI=
-23,-37,qk07DLxolp8MQlZ8rIVI2l80S/o=,sGFRt1Ngb9NieTj6flNhxLqdSlg=
-23,-36,qk07DLxolp8MQlZ8rIVI2l80S/o=,a3JaNVgbRILfiVV8fiaYAA4mQW4=
-20,-39,qk07DLxolp8MQlZ8rIVI2l80S/o=,1P1KKhqlOeOR9CSvHulqcIR+IxQ=
-20,-38,qk07DLxolp8MQlZ8rIVI2l80S/o=,T1J55/DyJP+TOJq0yOHoYPS5k2s=
-22,-39,qk07DLxolp8MQlZ8rIVI2l80S/o=,ZyKMNxAHAeX4pM+tBp63S5OVqmI=
-23,-38,qk07DLxolp8MQlZ8rIVI2l80S/o=,sGFRt1Ngb9NieTj6flNhxLqdSlg=
-23,-39,qk07DLxolp8MQlZ8rIVI2l80S/o=,HsmS87ouC3ATARMjP1b/gC7zc98=
-22,-38,qk07DLxolp8MQlZ8rIVI2l80S/o=,am/ezCa20yo+Mw1XVdmi2abLVzI=
-21,-38,qk07DLxolp8MQlZ8rIVI2l80S/o=,am/ezCa20yo+Mw1XVdmi2abLVzI=
-21,-39,qk07DLxolp8MQlZ8rIVI2l80S/o=,ZyKMNxAHAeX4pM+tBp63S5OVqmI=
-21,-41,qk07DLxolp8MQlZ8rIVI2l80S/o=,Buh0lPMSWJ2lJUnBy7cQOlYK8gE=
-18,-41,qk07DLxolp8MQlZ8rIVI2l80S/o=,KSYWmITzk+EjnKZIxl97dp0B0oY=
-18,-40,qk07DLxolp8MQlZ8rIVI2l80S/o=,FSPgmcr16BTw612J9XRswCYn0Ko=
-20,-43,qk07DLxolp8MQlZ8rIVI2l80S/o=,yhjzWrepnbqSN2D4WczNMQAoddE=
-20,-41,qk07DLxolp8MQlZ8rIVI2l80S/o=,tE1L5IlgkFRH+4wUbwaBf6obR7Q=
-21,-42,qk07DLxolp8MQlZ8rIVI2l80S/o=,Buh0lPMSWJ2lJUnBy7cQOlYK8gE=
-21,-40,qk07DLxolp8MQlZ8rIVI2l80S/o=,ZyKMNxAHAeX4pM+tBp63S5OVqmI=
-20,-42,qk07DLxolp8MQlZ8rIVI2l80S/o=,tE1L5IlgkFRH+4wUbwaBf6obR7Q=
-19,-41,qk07DLxolp8MQlZ8rIVI2l80S/o=,tE1L5IlgkFRH+4wUbwaBf6obR7Q=
-19,-40,qk07DLxolp8MQlZ8rIVI2l80S/o=,1P1KKhqlOeOR9CSvHulqcIR+IxQ=
-20,-40,qk07DLxolp8MQlZ8rIVI2l80S/o=,1P1KKhqlOeOR9CSvHulqcIR+IxQ=
-21,-43,qk07DLxolp8MQlZ8rIVI2l80S/o=,K0CrmdPhXAu/xmsqO/idrT83gIA=
-19,-42,qk07DLxolp8MQlZ8rIVI2l80S/o=,tE1L5IlgkFRH+4wUbwaBf6obR7Q=
-19,-43,qk07DLxolp8MQlZ8rIVI2l80S/o=,yhjzWrepnbqSN2D4WczNMQAoddE=
-18,-43,qk07DLxolp8MQlZ8rIVI2l80S/o=,A9GKeG+YHx6k/La9HFTy0FOjfkQ=
-18,-42,qk07DLxolp8MQlZ8rIVI2l80S/o=,KSYWmITzk+EjnKZIxl97dp0B0oY=
-20,-44,qk07DLxolp8MQlZ8rIVI2l80S/o=,yhjzWrepnbqSN2D4WczNMQAoddE=
-24,-47,qk07DLxolp8MQlZ8rIVI2l80S/o=,w/UKWie+MeIosGjVJeFk+hQm27Q=
-23,-47,qk07DLxolp8MQlZ8rIVI2l80S/o=,w/UKWie+MeIosGjVJeFk+hQm27Q=
-21,-44,qk07DLxolp8MQlZ8rIVI2l80S/o=,K0CrmdPhXAu/xmsqO/idrT83gIA=
-25,-47,qk07DLxolp8MQlZ8rIVI2l80S/o=,pidrnFD1xaFgU1YVc9ccVru+ss0=
-22,-47,qk07DLxolp8MQlZ8rIVI2l80S/o=,sWUTX6kbPIZkYTZPoYnJ1wQnDnU=
-24,-46,qk07DLxolp8MQlZ8rIVI2l80S/o=,S5WAvoeR0cetts0WID/wbD9aoJQ=
-21,-45,qk07DLxolp8MQlZ8rIVI2l80S/o=,Hyte4JOWxYPrLon4N1l1pXQcVDo=
-23,-46,qk07DLxolp8MQlZ8rIVI2l80S/o=,S5WAvoeR0cetts0WID/wbD9aoJQ=
-25,-46,qk07DLxolp8MQlZ8rIVI2l80S/o=,O50+9tyDm29LOw5ybGXeciJ1HRY=
-22,-46,qk07DLxolp8MQlZ8rIVI2l80S/o=,Hyte4JOWxYPrLon4N1l1pXQcVDo=
-20,-45,qk07DLxolp8MQlZ8rIVI2l80S/o=,t4MniafdbMmCUJCoM4g2wf8a9K8=
-28,-44,RAxtkUhVA4mgoQQ4EFwB5eTCFpU=,S1beW3+azyV4CcuAg/NFrQKeDg4=
-29,-45,RAxtkUhVA4mgoQQ4EFwB5eTCFpU=,BDvWTitglCYh0UXtoM9bWxy8CfQ=
-29,-44,RAxtkUhVA4mgoQQ4EFwB5eTCFpU=,5LlkBQctxui+Pz853XwlkAFRcM8=
-28,-45,RAxtkUhVA4mgoQQ4EFwB5eTCFpU=,p2HB6X58z1ZkFGOJe1EhCrPfCoo=
-30,-44,RAxtkUhVA4mgoQQ4EFwB5eTCFpU=,5LlkBQctxui+Pz853XwlkAFRcM8=
-31,-45,RAxtkUhVA4mgoQQ4EFwB5eTCFpU=,Tnzna1V6/oAopr9mdPoeT0jJ8uw=
-30,-45,RAxtkUhVA4mgoQQ4EFwB5eTCFpU=,BDvWTitglCYh0UXtoM9bWxy8CfQ=
-31,-44,RAxtkUhVA4mgoQQ4EFwB5eTCFpU=,qInvzQlH58YOVdu4IcvTpLGc2Ro=
-28,-42,RAxtkUhVA4mgoQQ4EFwB5eTCFpU=,a2hurUAg6cNKPTUd4RknpD55xE4=
-28,-43,RAxtkUhVA4mgoQQ4EFwB5eTCFpU=,S1beW3+azyV4CcuAg/NFrQKeDg4=
-29,-42,RAxtkUhVA4mgoQQ4EFwB5eTCFpU=,1y5SXXtV4LMR7vIi29+FFWN2u8g=
-29,-43,RAxtkUhVA4mgoQQ4EFwB5eTCFpU=,5LlkBQctxui+Pz853XwlkAFRcM8=
-28,-40,RAxtkUhVA4mgoQQ4EFwB5eTCFpU=,JhLoUvms+pm+86cVio41nxbEkO8=
-29,-40,RAxtkUhVA4mgoQQ4EFwB5eTCFpU=,6xz1NkUJQWeX+jtjVdmYu995NXQ=
-29,-41,RAxtkUhVA4mgoQQ4EFwB5eTCFpU=,1y5SXXtV4LMR7vIi29+FFWN2u8g=
-28,-41,RAxtkUhVA4mgoQQ4EFwB5eTCFpU=,a2hurUAg6cNKPTUd4RknpD55xE4=
-28,-38,RAxtkUhVA4mgoQQ4EFwB5eTCFpU=,wBbJTghKUCzUguhnu006Wlmd20I=
-29,-38,RAxtkUhVA4mgoQQ4EFwB5eTCFpU=,dV/jRGc9APunPozFsgxVyeHFfhc=
-28,-39,RAxtkUhVA4mgoQQ4EFwB5eTCFpU=,JhLoUvms+pm+86cVio41nxbEkO8=
-29,-39,RAxtkUhVA4mgoQQ4EFwB5eTCFpU=,6xz1NkUJQWeX+jtjVdmYu995NXQ=
-30,-39,RAxtkUhVA4mgoQQ4EFwB5eTCFpU=,6xz1NkUJQWeX+jtjVdmYu995NXQ=
-30,-38,RAxtkUhVA4mgoQQ4EFwB5eTCFpU=,dV/jRGc9APunPozFsgxVyeHFfhc=
-31,-39,RAxtkUhVA4mgoQQ4EFwB5eTCFpU=,AiiU4Ixhvv8AsSlDmuDiB24P58k=
-31,-38,RAxtkUhVA4mgoQQ4EFwB5eTCFpU=,jelgB7OkCb00ZI5SlX+cXD/VGGU=
-28,-36,RAxtkUhVA4mgoQQ4EFwB5eTCFpU=,GktuFZ61GPqUPQ6Y50KcMMn2gPY=
-29,-36,RAxtkUhVA4mgoQQ4EFwB5eTCFpU=,xFqQUS/5dz3Ox0MR1W79EbVwSqo=
-29,-37,RAxtkUhVA4mgoQQ4EFwB5eTCFpU=,dV/jRGc9APunPozFsgxVyeHFfhc=
-28,-37,RAxtkUhVA4mgoQQ4EFwB5eTCFpU=,wBbJTghKUCzUguhnu006Wlmd20I=
-30,-36,RAxtkUhVA4mgoQQ4EFwB5eTCFpU=,xFqQUS/5dz3Ox0MR1W79EbVwSqo=
-31,-36,RAxtkUhVA4mgoQQ4EFwB5eTCFpU=,Cv7lgrc05dQ3Je6DZcOHPtnfLE8=
-30,-37,RAxtkUhVA4mgoQQ4EFwB5eTCFpU=,dV/jRGc9APunPozFsgxVyeHFfhc=
-31,-37,RAxtkUhVA4mgoQQ4EFwB5eTCFpU=,jelgB7OkCb00ZI5SlX+cXD/VGGU=
-29,-34,RAxtkUhVA4mgoQQ4EFwB5eTCFpU=,rYX3iNrENnRPTm/uZIMNX8dwA6c=
-28,-35,pZNq/mznvnEujtZ3ieUMn7ej3w8=,GktuFZ61GPqUPQ6Y50KcMMn2gPY=
-28,-34,pZNq/mznvnEujtZ3ieUMn7ej3w8=,WLY6Xg+dXSq4lD78EInqcp0Qh9s=
-29,-35,pZNq/mznvnEujtZ3ieUMn7ej3w8=,xFqQUS/5dz3Ox0MR1W79EbVwSqo=
-30,-34,pZNq/mznvnEujtZ3ieUMn7ej3w8=,rYX3iNrENnRPTm/uZIMNX8dwA6c=
-31,-34,pZNq/mznvnEujtZ3ieUMn7ej3w8=,bnIsIFINYFCTHr7ogR8foxiksJo=
-30,-35,pZNq/mznvnEujtZ3ieUMn7ej3w8=,xFqQUS/5dz3Ox0MR1W79EbVwSqo=
-31,-35,pZNq/mznvnEujtZ3ieUMn7ej3w8=,Cv7lgrc05dQ3Je6DZcOHPtnfLE8=
-24,-34,pZNq/mznvnEujtZ3ieUMn7ej3w8=,ovPJiMHQsCVhzYyzzygyihimoVc=
-26,-34,pZNq/mznvnEujtZ3ieUMn7ej3w8=,CKqWeqs0zYBOy1BAkEtW0EugQFA=
-24,-35,pZNq/mznvnEujtZ3ieUMn7ej3w8=,a3JaNVgbRILfiVV8fiaYAA4mQW4=
-26,-35,pZNq/mznvnEujtZ3ieUMn7ej3w8=,Zl+vNZQdI4e9bm1g90rqE0wLvGk=
-25,-35,pZNq/mznvnEujtZ3ieUMn7ej3w8=,Zl+vNZQdI4e9bm1g90rqE0wLvGk=
-25,-34,pZNq/mznvnEujtZ3ieUMn7ej3w8=,CKqWeqs0zYBOy1BAkEtW0EugQFA=
-27,-35,pZNq/mznvnEujtZ3ieUMn7ej3w8=,GktuFZ61GPqUPQ6Y50KcMMn2gPY=
-27,-34,pZNq/mznvnEujtZ3ieUMn7ej3w8=,WLY6Xg+dXSq4lD78EInqcp0Qh9s=
-26,-36,pZNq/mznvnEujtZ3ieUMn7ej3w8=,Zl+vNZQdI4e9bm1g90rqE0wLvGk=
-27,-36,pZNq/mznvnEujtZ3ieUMn7ej3w8=,GktuFZ61GPqUPQ6Y50KcMMn2gPY=
-26,-37,pZNq/mznvnEujtZ3ieUMn7ej3w8=,lxxLBCZofh/BLGHLKlCK30YDn3I=
-26,-38,pZNq/mznvnEujtZ3ieUMn7ej3w8=,lxxLBCZofh/BLGHLKlCK30YDn3I=
-25,-36,pZNq/mznvnEujtZ3ieUMn7ej3w8=,Zl+vNZQdI4e9bm1g90rqE0wLvGk=
-27,-41,pZNq/mznvnEujtZ3ieUMn7ej3w8=,a2hurUAg6cNKPTUd4RknpD55xE4=
-27,-40,pZNq/mznvnEujtZ3ieUMn7ej3w8=,JhLoUvms+pm+86cVio41nxbEkO8=
-25,-37,pZNq/mznvnEujtZ3ieUMn7ej3w8=,lxxLBCZofh/BLGHLKlCK30YDn3I=
-25,-38,pZNq/mznvnEujtZ3ieUMn7ej3w8=,lxxLBCZofh/BLGHLKlCK30YDn3I=
-27,-39,pZNq/mznvnEujtZ3ieUMn7ej3w8=,JhLoUvms+pm+86cVio41nxbEkO8=
-27,-37,pZNq/mznvnEujtZ3ieUMn7ej3w8=,wBbJTghKUCzUguhnu006Wlmd20I=
-26,-41,pZNq/mznvnEujtZ3ieUMn7ej3w8=,j+hwhNXmajJq33h1ILKUZ7aBLck=
-24,-37,pZNq/mznvnEujtZ3ieUMn7ej3w8=,sGFRt1Ngb9NieTj6flNhxLqdSlg=
-24,-36,pZNq/mznvnEujtZ3ieUMn7ej3w8=,a3JaNVgbRILfiVV8fiaYAA4mQW4=
-26,-40,pZNq/mznvnEujtZ3ieUMn7ej3w8=,/Op5vKMlosH712tClWnnLh4kMHc=
-26,-39,pZNq/mznvnEujtZ3ieUMn7ej3w8=,/Op5vKMlosH712tClWnnLh4kMHc=
-27,-44,pZNq/mznvnEujtZ3ieUMn7ej3w8=,S1beW3+azyV4CcuAg/NFrQKeDg4=
-27,-38,pZNq/mznvnEujtZ3ieUMn7ej3w8=,wBbJTghKUCzUguhnu006Wlmd20I=
-26,-44,pZNq/mznvnEujtZ3ieUMn7ej3w8=,qxCy/eX07gKsxAzXilFdvJXXMwM=
-26,-43,pZNq/mznvnEujtZ3ieUMn7ej3w8=,qxCy/eX07gKsxAzXilFdvJXXMwM=
-24,-38,pZNq/mznvnEujtZ3ieUMn7ej3w8=,sGFRt1Ngb9NieTj6flNhxLqdSlg=
-24,-39,pZNq/mznvnEujtZ3ieUMn7ej3w8=,HsmS87ouC3ATARMjP1b/gC7zc98=
-27,-45,pZNq/mznvnEujtZ3ieUMn7ej3w8=,p2HB6X58z1ZkFGOJe1EhCrPfCoo=
-27,-42,pZNq/mznvnEujtZ3ieUMn7ej3w8=,a2hurUAg6cNKPTUd4RknpD55xE4=
-26,-45,pZNq/mznvnEujtZ3ieUMn7ej3w8=,O50+9tyDm29LOw5ybGXeciJ1HRY=
-26,-42,pZNq/mznvnEujtZ3ieUMn7ej3w8=,j+hwhNXmajJq33h1ILKUZ7aBLck=
-22,-45,pZNq/mznvnEujtZ3ieUMn7ej3w8=,Hyte4JOWxYPrLon4N1l1pXQcVDo=
-27,-43,pZNq/mznvnEujtZ3ieUMn7ej3w8=,S1beW3+azyV4CcuAg/NFrQKeDg4=
-25,-39,pZNq/mznvnEujtZ3ieUMn7ej3w8=,/Op5vKMlosH712tClWnnLh4kMHc=
-23,-44,pZNq/mznvnEujtZ3ieUMn7ej3w8=,+vaOcRBbPAxx/osqaHsCVDi/poM=
-23,-45,pZNq/mznvnEujtZ3ieUMn7ej3w8=,S5WAvoeR0cetts0WID/wbD9aoJQ=
-24,-45,pZNq/mznvnEujtZ3ieUMn7ej3w8=,S5WAvoeR0cetts0WID/wbD9aoJQ=
-24,-44,pZNq/mznvnEujtZ3ieUMn7ej3w8=,+vaOcRBbPAxx/osqaHsCVDi/poM=
-25,-45,pZNq/mznvnEujtZ3ieUMn7ej3w8=,O50+9tyDm29LOw5ybGXeciJ1HRY=
-25,-44,pZNq/mznvnEujtZ3ieUMn7ej3w8=,qxCy/eX07gKsxAzXilFdvJXXMwM=
-22,-44,pZNq/mznvnEujtZ3ieUMn7ej3w8=,K0CrmdPhXAu/xmsqO/idrT83gIA=
-30,-33,pZNq/mznvnEujtZ3ieUMn7ej3w8=,rYX3iNrENnRPTm/uZIMNX8dwA6c=
-31,-33,pZNq/mznvnEujtZ3ieUMn7ej3w8=,bnIsIFINYFCTHr7ogR8foxiksJo=
-27,-33,pZNq/mznvnEujtZ3ieUMn7ej3w8=,WLY6Xg+dXSq4lD78EInqcp0Qh9s=
-26,-33,pZNq/mznvnEujtZ3ieUMn7ej3w8=,CKqWeqs0zYBOy1BAkEtW0EugQFA=
-22,-41,pZNq/mznvnEujtZ3ieUMn7ej3w8=,Buh0lPMSWJ2lJUnBy7cQOlYK8gE=
-29,-33,pZNq/mznvnEujtZ3ieUMn7ej3w8=,rYX3iNrENnRPTm/uZIMNX8dwA6c=
-25,-41,pZNq/mznvnEujtZ3ieUMn7ej3w8=,j+hwhNXmajJq33h1ILKUZ7aBLck=
-24,-43,pZNq/mznvnEujtZ3ieUMn7ej3w8=,+vaOcRBbPAxx/osqaHsCVDi/poM=
-23,-40,pZNq/mznvnEujtZ3ieUMn7ej3w8=,HsmS87ouC3ATARMjP1b/gC7zc98=
-22,-42,pZNq/mznvnEujtZ3ieUMn7ej3w8=,Buh0lPMSWJ2lJUnBy7cQOlYK8gE=
-23,-43,pZNq/mznvnEujtZ3ieUMn7ej3w8=,+vaOcRBbPAxx/osqaHsCVDi/poM=
-25,-42,pZNq/mznvnEujtZ3ieUMn7ej3w8=,j+hwhNXmajJq33h1ILKUZ7aBLck=
-24,-40,pZNq/mznvnEujtZ3ieUMn7ej3w8=,HsmS87ouC3ATARMjP1b/gC7zc98=
-25,-43,pZNq/mznvnEujtZ3ieUMn7ej3w8=,qxCy/eX07gKsxAzXilFdvJXXMwM=
-28,-33,pZNq/mznvnEujtZ3ieUMn7ej3w8=,WLY6Xg+dXSq4lD78EInqcp0Qh9s=
-22,-40,pZNq/mznvnEujtZ3ieUMn7ej3w8=,ZyKMNxAHAeX4pM+tBp63S5OVqmI=
-25,-33,pZNq/mznvnEujtZ3ieUMn7ej3w8=,CKqWeqs0zYBOy1BAkEtW0EugQFA=
-24,-33,pZNq/mznvnEujtZ3ieUMn7ej3w8=,ovPJiMHQsCVhzYyzzygyihimoVc=
-25,-40,pZNq/mznvnEujtZ3ieUMn7ej3w8=,/Op5vKMlosH712tClWnnLh4kMHc=
-24,-41,pZNq/mznvnEujtZ3ieUMn7ej3w8=,dgR5C73WiD9B1Inc2vlPQQG8iXA=
-23,-42,pZNq/mznvnEujtZ3ieUMn7ej3w8=,dgR5C73WiD9B1Inc2vlPQQG8iXA=
-23,-41,pZNq/mznvnEujtZ3ieUMn7ej3w8=,dgR5C73WiD9B1Inc2vlPQQG8iXA=
-22,-33,pZNq/mznvnEujtZ3ieUMn7ej3w8=,qqA8SxIESYDsVxgLy1WRz9D0XnY=
-22,-43,pZNq/mznvnEujtZ3ieUMn7ej3w8=,K0CrmdPhXAu/xmsqO/idrT83gIA=
-24,-42,pZNq/mznvnEujtZ3ieUMn7ej3w8=,dgR5C73WiD9B1Inc2vlPQQG8iXA=
-23,-33,pZNq/mznvnEujtZ3ieUMn7ej3w8=,ovPJiMHQsCVhzYyzzygyihimoVc=
-17,-34,rcpn81JuJlJKy+8QPi8/xawDpVE=,p8trVira5Qz9qW2Nmh1nWDKCu8E=
-18,-34,rcpn81JuJlJKy+8QPi8/xawDpVE=,p8trVira5Qz9qW2Nmh1nWDKCu8E=
-17,-41,rcpn81JuJlJKy+8QPi8/xawDpVE=,KSYWmITzk+EjnKZIxl97dp0B0oY=
-21,-37,rcpn81JuJlJKy+8QPi8/xawDpVE=,am/ezCa20yo+Mw1XVdmi2abLVzI=
-17,-40,rcpn81JuJlJKy+8QPi8/xawDpVE=,FSPgmcr16BTw612J9XRswCYn0Ko=
-21,-35,rcpn81JuJlJKy+8QPi8/xawDpVE=,zhjLlmmHvgVfqqUDwrhDOHHsGUc=
-17,-35,rcpn81JuJlJKy+8QPi8/xawDpVE=,L04xpQU1qvhzMpRTwrvOgwJ/pRs=
-20,-36,rcpn81JuJlJKy+8QPi8/xawDpVE=,DmPxPjrcapQPAqdDodvtS6e4wyM=
-20,-35,rcpn81JuJlJKy+8QPi8/xawDpVE=,DmPxPjrcapQPAqdDodvtS6e4wyM=
-21,-36,rcpn81JuJlJKy+8QPi8/xawDpVE=,zhjLlmmHvgVfqqUDwrhDOHHsGUc=
-19,-34,rcpn81JuJlJKy+8QPi8/xawDpVE=,PSwlBg/t3HItI/sO+ID4U1g77EY=
-20,-37,rcpn81JuJlJKy+8QPi8/xawDpVE=,T1J55/DyJP+TOJq0yOHoYPS5k2s=
-20,-34,rcpn81JuJlJKy+8QPi8/xawDpVE=,PSwlBg/t3HItI/sO+ID4U1g77EY=
-18,-35,rcpn81JuJlJKy+8QPi8/xawDpVE=,L04xpQU1qvhzMpRTwrvOgwJ/pRs=
-19,-35,rcpn81JuJlJKy+8QPi8/xawDpVE=,DmPxPjrcapQPAqdDodvtS6e4wyM=
-18,-37,rcpn81JuJlJKy+8QPi8/xawDpVE=,eaC5wINCv+sSLJFATmaAv6CxY1M=
-21,-34,rcpn81JuJlJKy+8QPi8/xawDpVE=,qqA8SxIESYDsVxgLy1WRz9D0XnY=
-19,-38,rcpn81JuJlJKy+8QPi8/xawDpVE=,T1J55/DyJP+TOJq0yOHoYPS5k2s=
-17,-43,rcpn81JuJlJKy+8QPi8/xawDpVE=,A9GKeG+YHx6k/La9HFTy0FOjfkQ=
-19,-36,rcpn81JuJlJKy+8QPi8/xawDpVE=,DmPxPjrcapQPAqdDodvtS6e4wyM=
-17,-38,rcpn81JuJlJKy+8QPi8/xawDpVE=,eaC5wINCv+sSLJFATmaAv6CxY1M=
-17,-42,rcpn81JuJlJKy+8QPi8/xawDpVE=,KSYWmITzk+EjnKZIxl97dp0B0oY=
-19,-39,rcpn81JuJlJKy+8QPi8/xawDpVE=,1P1KKhqlOeOR9CSvHulqcIR+IxQ=
-19,-37,rcpn81JuJlJKy+8QPi8/xawDpVE=,T1J55/DyJP+TOJq0yOHoYPS5k2s=
-17,-36,rcpn81JuJlJKy+8QPi8/xawDpVE=,L04xpQU1qvhzMpRTwrvOgwJ/pRs=
-17,-37,rcpn81JuJlJKy+8QPi8/xawDpVE=,eaC5wINCv+sSLJFATmaAv6CxY1M=
-18,-38,rcpn81JuJlJKy+8QPi8/xawDpVE=,eaC5wINCv+sSLJFATmaAv6CxY1M=
-18,-36,rcpn81JuJlJKy+8QPi8/xawDpVE=,L04xpQU1qvhzMpRTwrvOgwJ/pRs=
-18,-39,rcpn81JuJlJKy+8QPi8/xawDpVE=,FSPgmcr16BTw612J9XRswCYn0Ko=
-17,-39,rcpn81JuJlJKy+8QPi8/xawDpVE=,FSPgmcr16BTw612J9XRswCYn0Ko=
-20,-47,rcpn81JuJlJKy+8QPi8/xawDpVE=,m5hQEc5kGL/89Y7beJkEyXOAmqc=
-20,-48,rcpn81JuJlJKy+8QPi8/xawDpVE=,m5hQEc5kGL/89Y7beJkEyXOAmqc=
-19,-48,rcpn81JuJlJKy+8QPi8/xawDpVE=,m5hQEc5kGL/89Y7beJkEyXOAmqc=
-18,-48,rcpn81JuJlJKy+8QPi8/xawDpVE=,FQi7IaONtt2p7+dEzglH1fDRo6g=
-20,-46,rcpn81JuJlJKy+8QPi8/xawDpVE=,t4MniafdbMmCUJCoM4g2wf8a9K8=
-21,-48,rcpn81JuJlJKy+8QPi8/xawDpVE=,sWUTX6kbPIZkYTZPoYnJ1wQnDnU=
-21,-47,rcpn81JuJlJKy+8QPi8/xawDpVE=,sWUTX6kbPIZkYTZPoYnJ1wQnDnU=
-21,-46,rcpn81JuJlJKy+8QPi8/xawDpVE=,Hyte4JOWxYPrLon4N1l1pXQcVDo=
-32,-38,rcpn81JuJlJKy+8QPi8/xawDpVE=,jelgB7OkCb00ZI5SlX+cXD/VGGU=
-32,-39,rcpn81JuJlJKy+8QPi8/xawDpVE=,AiiU4Ixhvv8AsSlDmuDiB24P58k=
-17,-47,rcpn81JuJlJKy+8QPi8/xawDpVE=,FQi7IaONtt2p7+dEzglH1fDRo6g=
-18,-47,rcpn81JuJlJKy+8QPi8/xawDpVE=,FQi7IaONtt2p7+dEzglH1fDRo6g=
-32,-36,rcpn81JuJlJKy+8QPi8/xawDpVE=,Cv7lgrc05dQ3Je6DZcOHPtnfLE8=
-32,-34,rcpn81JuJlJKy+8QPi8/xawDpVE=,bnIsIFINYFCTHr7ogR8foxiksJo=
-17,-46,rcpn81JuJlJKy+8QPi8/xawDpVE=,bpyHLhd80mFLxEXW5K/3jynMFek=
-18,-46,rcpn81JuJlJKy+8QPi8/xawDpVE=,bpyHLhd80mFLxEXW5K/3jynMFek=
-19,-46,rcpn81JuJlJKy+8QPi8/xawDpVE=,t4MniafdbMmCUJCoM4g2wf8a9K8=
-32,-35,rcpn81JuJlJKy+8QPi8/xawDpVE=,Cv7lgrc05dQ3Je6DZcOHPtnfLE8=
-32,-37,rcpn81JuJlJKy+8QPi8/xawDpVE=,jelgB7OkCb00ZI5SlX+cXD/VGGU=
-19,-45,rcpn81JuJlJKy+8QPi8/xawDpVE=,t4MniafdbMmCUJCoM4g2wf8a9K8=
-18,-44,rcpn81JuJlJKy+8QPi8/xawDpVE=,A9GKeG+YHx6k/La9HFTy0FOjfkQ=
-19,-47,rcpn81JuJlJKy+8QPi8/xawDpVE=,m5hQEc5kGL/89Y7beJkEyXOAmqc=
-17,-44,rcpn81JuJlJKy+8QPi8/xawDpVE=,A9GKeG+YHx6k/La9HFTy0FOjfkQ=
-19,-44,rcpn81JuJlJKy+8QPi8/xawDpVE=,yhjzWrepnbqSN2D4WczNMQAoddE=
-17,-45,rcpn81JuJlJKy+8QPi8/xawDpVE=,bpyHLhd80mFLxEXW5K/3jynMFek=
-18,-45,rcpn81JuJlJKy+8QPi8/xawDpVE=,bpyHLhd80mFLxEXW5K/3jynMFek=
-32,-33,rcpn81JuJlJKy+8QPi8/xawDpVE=,bnIsIFINYFCTHr7ogR8foxiksJo=
-17,-33,rcpn81JuJlJKy+8QPi8/xawDpVE=,p8trVira5Qz9qW2Nmh1nWDKCu8E=
-26,-47,rcpn81JuJlJKy+8QPi8/xawDpVE=,pidrnFD1xaFgU1YVc9ccVru+ss0=
-27,-47,rcpn81JuJlJKy+8QPi8/xawDpVE=,wOYyPV7b0/6osKw/ko3/2OgMApU=
-29,-47,rcpn81JuJlJKy+8QPi8/xawDpVE=,eIME/JscUcPDCNotUvMxvDlVt+4=
-28,-47,rcpn81JuJlJKy+8QPi8/xawDpVE=,wOYyPV7b0/6osKw/ko3/2OgMApU=
-27,-46,rcpn81JuJlJKy+8QPi8/xawDpVE=,p2HB6X58z1ZkFGOJe1EhCrPfCoo=
-26,-46,rcpn81JuJlJKy+8QPi8/xawDpVE=,O50+9tyDm29LOw5ybGXeciJ1HRY=
-31,-47,rcpn81JuJlJKy+8QPi8/xawDpVE=,3o8y7fU+HeWwcztTL8yd7IcIzK4=
-30,-47,rcpn81JuJlJKy+8QPi8/xawDpVE=,eIME/JscUcPDCNotUvMxvDlVt+4=
-29,-46,rcpn81JuJlJKy+8QPi8/xawDpVE=,BDvWTitglCYh0UXtoM9bWxy8CfQ=
-28,-46,rcpn81JuJlJKy+8QPi8/xawDpVE=,p2HB6X58z1ZkFGOJe1EhCrPfCoo=
-22,-48,rcpn81JuJlJKy+8QPi8/xawDpVE=,sWUTX6kbPIZkYTZPoYnJ1wQnDnU=
-23,-48,rcpn81JuJlJKy+8QPi8/xawDpVE=,w/UKWie+MeIosGjVJeFk+hQm27Q=
-24,-48,rcpn81JuJlJKy+8QPi8/xawDpVE=,w/UKWie+MeIosGjVJeFk+hQm27Q=
-25,-48,rcpn81JuJlJKy+8QPi8/xawDpVE=,pidrnFD1xaFgU1YVc9ccVru+ss0=
-31,-46,rcpn81JuJlJKy+8QPi8/xawDpVE=,Tnzna1V6/oAopr9mdPoeT0jJ8uw=
-30,-46,rcpn81JuJlJKy+8QPi8/xawDpVE=,BDvWTitglCYh0UXtoM9bWxy8CfQ=
-30,-48,rcpn81JuJlJKy+8QPi8/xawDpVE=,eIME/JscUcPDCNotUvMxvDlVt+4=
-31,-48,rcpn81JuJlJKy+8QPi8/xawDpVE=,3o8y7fU+HeWwcztTL8yd7IcIzK4=
-32,-48,rcpn81JuJlJKy+8QPi8/xawDpVE=,3o8y7fU+HeWwcztTL8yd7IcIzK4=
-28,-48,rcpn81JuJlJKy+8QPi8/xawDpVE=,wOYyPV7b0/6osKw/ko3/2OgMApU=
-27,-48,rcpn81JuJlJKy+8QPi8/xawDpVE=,wOYyPV7b0/6osKw/ko3/2OgMApU=
-29,-48,rcpn81JuJlJKy+8QPi8/xawDpVE=,eIME/JscUcPDCNotUvMxvDlVt+4=
-30,-41,rcpn81JuJlJKy+8QPi8/xawDpVE=,1y5SXXtV4LMR7vIi29+FFWN2u8g=
-31,-40,rcpn81JuJlJKy+8QPi8/xawDpVE=,AiiU4Ixhvv8AsSlDmuDiB24P58k=
-32,-47,rcpn81JuJlJKy+8QPi8/xawDpVE=,3o8y7fU+HeWwcztTL8yd7IcIzK4=
-32,-42,rcpn81JuJlJKy+8QPi8/xawDpVE=,fCrutXqUZR04wTMdseJ0fHnwUMM=
-26,-48,rcpn81JuJlJKy+8QPi8/xawDpVE=,pidrnFD1xaFgU1YVc9ccVru+ss0=
-30,-42,rcpn81JuJlJKy+8QPi8/xawDpVE=,1y5SXXtV4LMR7vIi29+FFWN2u8g=
-32,-43,rcpn81JuJlJKy+8QPi8/xawDpVE=,qInvzQlH58YOVdu4IcvTpLGc2Ro=
-30,-40,rcpn81JuJlJKy+8QPi8/xawDpVE=,6xz1NkUJQWeX+jtjVdmYu995NXQ=
-31,-41,rcpn81JuJlJKy+8QPi8/xawDpVE=,fCrutXqUZR04wTMdseJ0fHnwUMM=
-31,-43,rcpn81JuJlJKy+8QPi8/xawDpVE=,qInvzQlH58YOVdu4IcvTpLGc2Ro=
-32,-41,rcpn81JuJlJKy+8QPi8/xawDpVE=,fCrutXqUZR04wTMdseJ0fHnwUMM=
-32,-40,rcpn81JuJlJKy+8QPi8/xawDpVE=,AiiU4Ixhvv8AsSlDmuDiB24P58k=
-32,-44,rcpn81JuJlJKy+8QPi8/xawDpVE=,qInvzQlH58YOVdu4IcvTpLGc2Ro=
-32,-46,rcpn81JuJlJKy+8QPi8/xawDpVE=,Tnzna1V6/oAopr9mdPoeT0jJ8uw=
-30,-43,rcpn81JuJlJKy+8QPi8/xawDpVE=,5LlkBQctxui+Pz853XwlkAFRcM8=
-31,-42,rcpn81JuJlJKy+8QPi8/xawDpVE=,fCrutXqUZR04wTMdseJ0fHnwUMM=
-21,-33,rcpn81JuJlJKy+8QPi8/xawDpVE=,qqA8SxIESYDsVxgLy1WRz9D0XnY=
-19,-33,rcpn81JuJlJKy+8QPi8/xawDpVE=,PSwlBg/t3HItI/sO+ID4U1g77EY=
-18,-33,rcpn81JuJlJKy+8QPi8/xawDpVE=,p8trVira5Qz9qW2Nmh1nWDKCu8E=
-20,-33,rcpn81JuJlJKy+8QPi8/xawDpVE=,PSwlBg/t3HItI/sO+ID4U1g77EY=
-17,-48,rcpn81JuJlJKy+8QPi8/xawDpVE=,FQi7IaONtt2p7+dEzglH1fDRo6g=
-32,-45,rcpn81JuJlJKy+8QPi8/xawDpVE=,Tnzna1V6/oAopr9mdPoeT0jJ8uw=
